{"cameraMode":{"drawMode":0,"name":"Shaded","section":"Shading Mode"},"sceneLighting":false,"audioPlay":false,"sceneViewState":{"m_AlwaysRefresh":false,"showFog":true,"showSkybox":false,"showFlares":true,"showImageEffects":true,"showParticleSystems":true,"showVisualEffectGraphs":true,"m_FxEnabled":true},"in2DMode":false,"pivot":{"x":10.043272018432618,"y":0.19581778347492219,"z":0.1348261833190918},"rotation":{"x":-0.17622198164463044,"y":-0.1333274394273758,"z":0.024095743894577028,"w":-0.9749993681907654},"size":1.9525723457336426,"orthographic":false}